{"loss": [1.362750768661499, 0.4379202723503113, 0.2592708468437195, 0.17632755637168884, 0.13412344455718994, 0.10581139475107193, 0.08574113249778748, 0.07524799555540085, 0.06341792643070221, 0.0558902733027935], "accuracy": [0.5981506705284119, 0.862949013710022, 0.9170210957527161, 0.9423998594284058, 0.9560708403587341, 0.9658297300338745, 0.9718329906463623, 0.9754036664962769, 0.9797709584236145, 0.9812077879905701], "val_loss": [0.5479997992515564, 0.26555559039115906, 0.3188856244087219, 0.1660209745168686, 0.17837783694267273, 0.17270660400390625, 0.140313059091568, 0.14493265748023987, 0.09929614514112473, 0.15493690967559814], "val_accuracy": [0.8328021764755249, 0.9147507548332214, 0.9003528356552124, 0.9486114382743835, 0.9441725611686707, 0.9487252235412598, 0.9587411880493164, 0.957659900188446, 0.9685863852500916, 0.9563510417938232]}